"","Flight Number","Destination","Arrival Time","Off Time","Arrival Time Minutes","Off Time Minutes","Aircraft","Passengers","Flight Type","Arrival Time Actual","Off Time Actual","Arrival Time Actual Minutes","Off Time Actual Minutes"
"1","AA1000","TPA","1106","1205",666,725,"2","150","Domestic","1119","1159",679,719
"2","AA1004","AUS","530","700",330,420,"2","150","Domestic","534","704",334,424
"3","AA1008","IAD","1740","1855",1060,1135,"2","150","Domestic","1717","1852",1037,1132
"4","AA1010","STL","1920","2005",1160,1205,"2","150","Domestic","1853","1957",1133,1197
"5","AA1023","LAX","1929","2220",1169,1340,"2","150","Domestic","1932","2224",1172,1344
"6","AA1034","MEM","1025","1155",625,715,"2","150","Domestic","1149","1319",709,799
"7","AA103","SJC","923","1040",563,640,"2","150","Domestic","951","1047",591,647
"8","AA1054","IAH","805","850",485,530,"2","150","Domestic","754","844",474,524
"9","AA1055","PIT","1750","1855",1070,1135,"2","150","Domestic","1737","1846",1057,1126
"10","AA1062","MCI","540","710",340,430,"2","150","Domestic","537","707",337,427
"11","AA1072","PHL","1440","1725",880,1045,"2","150","Domestic","1458","1734",898,1054
"12","AA1075","ELP","1914","1915",1154,1155,"2","150","Domestic","1901","1954",1141,1194
"13","AA1077","SLC","1640","1805",1000,1085,"2","150","Domestic","1627","1806",987,1086
"14","AA1080","LGA","804","935",484,575,"2","150","Domestic","811","936",491,576
"15","AA1087","ATL","1233","1335",753,815,"2","150","Domestic","1224","1333",744,813
"16","AA1094","BOS","944","1150",584,710,"2","150","Domestic","955","1245",595,765
"17","AA1100","MSY","730","1020",450,620,"2","150","Domestic","729","1018",449,618
"18","AA1101","ABQ","1315","1445",795,885,"2","150","Domestic","1310","1440",790,880
"19","AA1104","LGA","600","730",360,450,"2","150","Domestic","601","731",361,451
"20","AA1121","DCA","1548","1645",948,1005,"2","150","Domestic","1533","1641",933,1001
"21","AA1129","IND","1115","1215",675,735,"2","150","Domestic","1057","1209",657,729
"22","AA1137","MFE","1450","1535",890,935,"2","150","Domestic","1451","1530",891,930
"23","AA1142","ORD","1905","2010",1145,1210,"2","150","Domestic","1848","2003",1128,1203
"24","AA1148","LGA","1418","1520",858,920,"2","150","Domestic","1405","1516",845,916
"25","AA1149","PSP","915","1045",555,645,"2","150","Domestic","907","1037",547,637
"26","AA1159","SAN","1233","1350",753,830,"2","150","Domestic","1219","1344",739,824
"27","AA1160","RDU","617","705",377,425,"2","150","Domestic","616","703",376,423
"28","AA1163","CLT","1345","1435",825,875,"2","150","Domestic","1324","1439",804,879
"29","AA1164","LGA","1550","1700",950,1020,"2","150","Domestic","1546","1703",946,1023
"30","AA1165","PHX","805","910",485,550,"2","150","Domestic","840","933",520,573
"31","AA1170","LGA","1351","1637",831,997,"2","150","Domestic","1400","1654",840,1014
"32","AA1179","MSY","1125","1215",685,735,"2","150","Domestic","1107","1213",667,733
"33","AA1181","DAY","1945","2025",1185,1225,"2","150","Domestic","1934","2018",1174,1218
"34","AA1184","DEN","1145","1245",705,765,"2","150","Domestic","1137","1244",697,764
"35","AA1191","BNA","1055","1155",655,715,"2","150","Domestic","1053","1148",653,708
"36","AA1192","SLC","909","1040",549,640,"2","150","Domestic","1003","1053",603,653
"37","AA1194","SAN","1427","1545",867,945,"2","150","Domestic","1417","1539",857,939
"38","AA1196","SAN","2110","2215",1270,1335,"2","150","Domestic","2106","2210",1266,1330
"39","AA1198","TPA","1250","1330",770,810,"2","150","Domestic","1246","1327",766,807
"40","AA1201","LGA","1058","1200",658,720,"2","150","Domestic","1029","1206",629,726
"41","AA1206","MSP","1739","1850",1059,1130,"2","150","Domestic","1735","1853",1055,1133
"42","AA1207","RDU","1720","1820",1040,1100,"2","150","Domestic","1715","1817",1035,1097
"43","AA1209","SMF","905","1035",545,635,"2","150","Domestic","1006","1136",606,696
"44","AA1210","MSP","930","1025",570,625,"2","150","Domestic","904","1042",544,642
"45","AA1211","BOS","535","705",335,425,"2","150","Domestic","536","706",336,426
"46","AA1212","MCO","1340","1445",820,885,"2","150","Domestic","1342","1443",822,883
"47","AA1213","SAT","735","825",455,505,"2","150","Domestic","741","825",461,505
"48","AA1214","SAN","1614","1720",974,1040,"2","150","Domestic","1626","1717",986,1037
"49","AA1217","ORD","739","850",459,530,"2","150","Domestic","730","845",450,525
"50","AA1220","SEA","1634","1725",994,1045,"2","150","Domestic","1630","1725",990,1045
"51","AA1221","AUS","1600","1700",960,1020,"2","150","Domestic","1632","1715",992,1035
"52","AA1229","EWR","1119","1200",679,720,"2","150","Domestic","1100","1244",660,764
"53","AA123","HNL","743","915",463,555,"1","300","Domestic","818","948",498,588
"54","AA1241","ONT","743","900",463,540,"2","150","Domestic","821","908",501,548
"55","AA1244","ORD","1520","1650",920,1010,"2","150","Domestic","1516","1646",916,1006
"56","AA1247","LBB","1741","1835",1061,1115,"2","150","Domestic","1810","1856",1090,1136
"57","AA1251","SDF","1057","1150",657,710,"2","150","Domestic","1110","1148",670,708
"58","AA1252","PIT","545","715",345,435,"2","150","Domestic","541","711",341,431
"59","AA1260","DTW","1318","1410",798,850,"2","150","Domestic","1315","1405",795,845
"60","AA1268","SAT","1905","2025",1145,1225,"2","150","Domestic","1857","2151",1137,1311
"61","AA1271","RIC","1857","2005",1137,1205,"2","150","Domestic","1836","1959",1116,1199
"62","AA1273","SFO","2049","2200",1249,1320,"2","150","Domestic","2033","2155",1233,1315
"63","AA1276","RSW","900","1030",540,630,"2","150","Domestic","854","1024",534,624
"64","AA1278","SNA","924","1024",564,624,"2","150","Domestic","956","1037",596,637
"65","AA1286","OMA","1255","1350",775,830,"2","150","Domestic","1244","1342",764,822
"66","AA1288","SNA","1605","1720",965,1040,"2","150","Domestic","1616","1717",976,1037
"67","AA128","EWR","1903","2020",1143,1220,"2","150","Domestic","1846","2037",1126,1237
"68","AA1292","TUL","921","1245",561,765,"2","150","Domestic","1219","1303",739,783
"69","AA1298","SNA","545","715",345,435,"2","150","Domestic","540","710",340,430
"70","AA1300","MSY","1430","1535",870,935,"2","150","Domestic","1413","1533",853,933
"71","AA1302","FLL","540","710",340,430,"2","150","Domestic","537","707",337,427
"72","AA1316","PHL","445","615",285,375,"2","150","Domestic","450","620",290,380
"73","AA1327","PHL","1429","1525",869,925,"2","150","Domestic","1417","1524",857,924
"74","AA132","EWR","1815","1909",1095,1149,"2","150","Domestic","1803","1908",1083,1148
"75","AA1330","ELP","1049","1155",649,715,"2","150","Domestic","1051","1151",651,711
"76","AA1331","CLE","530","700",330,420,"2","150","Domestic","526","656",326,416
"77","AA1345","JFK","1040","1150",640,710,"2","150","Domestic","1022","1144",622,704
"78","AA1346","TUS","803","850",483,530,"2","150","Domestic","810","851",490,531
"79","AA1348","RDU","1205","1335",725,815,"2","150","Domestic","1232","1402",752,842
"80","AA1349","SEA","926","1025",566,625,"2","150","Domestic","940","1029",580,629
"81","AA1355","PDX","909","1025",549,625,"2","150","Domestic","959","1045",599,645
"82","AA1356","AUS","738","830",458,510,"2","150","Domestic","721","824",441,504
"83","AA1371","DSM","1920","2015",1160,1215,"2","150","Domestic","1901","2050",1141,1250
"84","AA1373","JAX","1105","1155",665,715,"2","150","Domestic","1049","1154",649,714
"85","AA1375","LAS","545","715",345,435,"2","150","Domestic","542","712",342,432
"86","AA1381","CMH","1725","1820",1045,1100,"2","150","Domestic","1721","1818",1041,1098
"87","AA1393","SFO","1740","1845",1060,1125,"2","150","Domestic","1737","1843",1057,1123
"88","AA1394","OKC","752","850",472,530,"2","150","Domestic","806","847",486,527
"89","AA1398","LAS","920","1025",560,625,"2","150","Domestic","931","1021",571,621
"90","AA1401","SAT","2005","2225",1205,1345,"2","150","Domestic","1950","2214",1190,1334
"91","AA1402","SEA","715","845",435,525,"2","150","Domestic","710","840",430,520
"92","AA1403","MIA","330","500",210,300,"2","150","Domestic","407","537",247,337
"93","AA1408","OKC","1959","2040",1199,1240,"2","150","Domestic","1940","2035",1180,1235
"94","AA140","SJC","1755","1850",1075,1130,"2","150","Domestic","1738","1846",1058,1126
"95","AA1412","MIA","1421","1510",861,910,"2","150","Domestic","1413","1509",853,909
"96","AA1413","UIO","1634","1755",994,1075,"2","150","Domestic","1626","1750",986,1070
"97","AA1414","AUS","954","1100",594,660,"2","150","Domestic","1022","1057",622,657
"98","AA1426","PIT","943","1050",583,650,"2","150","Domestic","940","1044",580,644
"99","AA1427","ATL","749","855",469,535,"2","150","Domestic","812","853",492,533
"100","AA1430","BOS","1235","1335",755,815,"2","150","Domestic","1252","1352",772,832
"101","AA1439","BNA","1305","1400",785,840,"2","150","Domestic","1304","1353",784,833
"102","AA1440","AUS","1757","2045",1077,1245,"2","150","Domestic","1759","2037",1079,1237
"103","AA1445","SAN","1101","1225",661,745,"2","150","Domestic","1056","1220",656,740
"104","AA1450","AUS","2105","2215",1265,1335,"2","150","Domestic","2107","2210",1267,1330
"105","AA1459","MCI","1725","1825",1045,1105,"2","150","Domestic","1747","1831",1067,1111
"106","AA1460","DCA","1104","1205",664,725,"2","150","Domestic","1055","1201",655,721
"107","AA1462","MIA","1110","1325",670,805,"2","150","Domestic","1113","1319",673,799
"108","AA1472","STL","1228","1335",748,815,"2","150","Domestic","1219","1328",739,808
"109","AA1482","LAS","1250","1345",770,825,"2","150","Domestic","1246","1353",766,833
"110","AA1483","BOS","1610","1815",970,1095,"2","150","Domestic","1613","1810",973,1090
"111","AA1484","AUS","740","910",460,550,"2","150","Domestic","738","908",458,548
"112","AA1485","SMF","1726","1835",1046,1115,"2","150","Domestic","1745","1835",1065,1115
"113","AA1487","ATL","1610","1655",970,1015,"2","150","Domestic","1555","1710",955,1030
"114","AA1497","RNO","1615","1725",975,1045,"2","150","Domestic","1621","1722",981,1042
"115","AA149","ELP","919","1020",559,620,"2","150","Domestic","924","1114",564,674
"116","AA1505","ONT","1100","1230",660,750,"2","150","Domestic","1148","1318",708,798
"117","AA1513","COS","1325","1430",805,870,"2","150","Domestic","1331","1424",811,864
"118","AA1523","FLL","908","1030",548,630,"2","150","Domestic","932","1046",572,646
"119","AA1524","SAT","1420","1515",860,915,"2","150","Domestic","1414","1509",854,909
"120","AA1534","MKE","940","1040",580,640,"2","150","Domestic","1011","1059",611,659
"121","AA1542","DEN","1750","1850",1070,1130,"2","150","Domestic","1749","1848",1069,1128
"122","AA1544","IAD","1255","1355",775,835,"2","150","Domestic","1256","1353",776,833
"123","AA1557","OKC","1119","1210",679,730,"2","150","Domestic","1158","1244",718,764
"124","AA1560","SNA","1126","1220",686,740,"2","150","Domestic","1129","1216",689,736
"125","AA1561","AUS","910","1005",550,605,"2","150","Domestic","943","1027",583,627
"126","AA1564","EWR","1530","1645",930,1005,"2","150","Domestic","1521","1648",921,1008
"127","AA1568","MCI","1255","1350",775,830,"2","150","Domestic","1247","1359",767,839
"128","AA1569","DEN","1633","1720",993,1040,"2","150","Domestic","1621","1822",981,1102
"129","AA1573","ABQ","754","1025",474,625,"2","150","Domestic","850","1033",530,633
"130","AA1580","PDX","730","900",450,540,"2","150","Domestic","736","906",456,546
"131","AA1581","BDL","1151","1215",711,735,"2","150","Domestic","1136","1220",696,740
"132","AA1582","CLE","1845","2015",1125,1215,"2","150","Domestic","1841","2011",1121,1211
"133","AA1593","AUS","1405","1515",845,915,"2","150","Domestic","1339","1512",819,912
"134","AA1599","SNA","1243","1355",763,835,"2","150","Domestic","1249","1350",769,830
"135","AA1605","ONT","1730","1900",1050,1140,"2","150","Domestic","1728","1858",1048,1138
"136","AA1606","RDU","1850","2020",1130,1220,"2","150","Domestic","1842","2012",1122,1212
"137","AA1609","SEA","1740","1845",1060,1125,"2","150","Domestic","1745","1845",1065,1125
"138","AA1620","DEN","805","905",485,545,"2","150","Domestic","814","924",494,564
"139","AA1684","MCO","915","1020",555,620,"2","150","Domestic","928","1019",568,619
"140","AA1688","MCO","1758","1920",1078,1160,"2","150","Domestic","1839","1926",1119,1166
"141","AA1719","CLT","954","1140",594,700,"2","150","Domestic","1004","1131",604,691
"142","AA176","BOS","930","1020",570,620,"2","150","Domestic","945","1032",585,632
"143","AA1812","CLT","1622","1735",982,1055,"2","150","Domestic","1800","1847",1080,1127
"144","AA184","SEA","1412","1600",852,960,"2","150","Domestic","1408","1555",848,955
"145","AA190","SAT","1515","1620",915,980,"2","150","Domestic","1451","1612",891,972
"146","AA2064","CLT","503","700",303,420,"2","150","Domestic","527","700",327,420
"147","AA206","MIA","1057","1205",657,725,"2","150","Domestic","1042","1220",642,740
"148","AA2091","CLT","846","950",526,590,"2","150","Domestic","845","948",525,588
"149","AA2176","OKC","2059","2200",1259,1320,"2","150","Domestic","2052","2156",1252,1316
"150","AA2180","CMH","617","715",377,435,"2","150","Domestic","609","710",369,430
"151","AA2181","MIA","459","629",299,389,"2","150","Domestic","524","654",324,414
"152","AA2182","LGA","1235","1410",755,850,"2","150","Domestic","1311","1417",791,857
"153","AA2186","SJU","608","705",368,425,"2","150","Domestic","614","701",374,421
"154","AA2195","TUS","1112","1200",672,720,"2","150","Domestic","1122","1244",682,764
"155","AA2202","TUS","935","1025",575,625,"2","150","Domestic","953","1033",593,633
"156","AA2207","SFO","735","905",455,545,"2","150","Domestic","731","901",451,541
"157","AA2208","CLE","1347","1440",827,880,"2","150","Domestic","1335","1433",815,873
"158","AA2211","SNA","1815","2030",1095,1230,"2","150","Domestic","1816","2027",1096,1227
"159","AA2212","STL","1549","1645",949,1005,"2","150","Domestic","1551","1643",951,1003
"160","AA2213","LGA","510","640",310,400,"2","150","Domestic","512","642",312,402
"161","AA2214","ABQ","800","900",480,540,"2","150","Domestic","755","854",475,534
"162","AA2222","AUS","1052","1235",652,755,"2","150","Domestic","1111","1229",671,749
"163","AA2226","TUS","1235","1355",755,835,"2","150","Domestic","1221","1353",741,833
"164","AA2228","SMF","752","905",472,545,"2","150","Domestic","744","903",464,543
"165","AA2235","DCA","1712","1850",1032,1130,"2","150","Domestic","1711","1901",1031,1141
"166","AA2241","LAX","851","955",531,595,"2","150","Domestic","837","951",517,591
"167","AA2242","BNA","1444","1510",884,910,"2","150","Domestic","1435","1516",875,916
"168","AA2248","BWI","926","1020",566,620,"2","150","Domestic","946","1034",586,634
"169","AA2252","TUS","2057","2200",1257,1320,"2","150","Domestic","2048","2157",1248,1317
"170","AA2255","MCO","535","705",335,425,"2","150","Domestic","532","702",332,422
"171","AA2256","IAH","1456","1550",896,950,"2","150","Domestic","1500","1554",900,954
"172","AA2258","IAH","2052","2155",1252,1315,"2","150","Domestic","2047","2149",1247,1309
"173","AA2259","BNA","1607","1640",967,1000,"2","150","Domestic","1551","1635",951,995
"174","AA2260","PSP","1606","1715",966,1035,"2","150","Domestic","1628","1721",988,1041
"175","AA2264","PHL","1817","2020",1097,1220,"2","150","Domestic","1825","2025",1105,1225
"176","AA2271","PBI","1300","1410",780,850,"2","150","Domestic","1327","1419",807,859
"177","AA2275","DSM","600","730",360,450,"2","150","Domestic","619","749",379,469
"178","AA2276","IND","1910","2025",1150,1225,"2","150","Domestic","1905","2021",1145,1221
"179","AA2277","ONT","1558","1700",958,1020,"2","150","Domestic","1617","1703",977,1023
"180","AA2280","LAX","1556","1725",956,1045,"2","150","Domestic","1627","1737",987,1057
"181","AA2283","SAN","1755","1855",1075,1135,"2","150","Domestic","1748","1851",1068,1131
"182","AA2284","MCO","1058","1215",658,735,"2","150","Domestic","1036","1214",636,734
"183","AA2286","ORD","1138","1230",698,750,"2","150","Domestic","1130","1232",690,752
"184","AA2292","DTW","1934","2035",1174,1235,"2","150","Domestic","1928","2038",1168,1238
"185","AA2293","DCA","1908","2005",1148,1205,"2","150","Domestic","1919","2007",1159,1207
"186","AA2296","SAT","744","900",464,540,"2","150","Domestic","805","855",485,535
"187","AA2302","MSP","1420","1520",860,920,"2","150","Domestic","1410","1521",850,921
"188","AA2304","IND","1730","1825",1050,1105,"2","150","Domestic","1742","1820",1062,1100
"189","AA2307","MIA","905","1035",545,635,"2","150","Domestic","902","1032",542,632
"190","AA2310","SEA","1045","1200",645,720,"2","150","Domestic","1039","1156",639,716
"191","AA2311","ORD","1210","1340",730,820,"2","150","Domestic","1209","1339",729,819
"192","AA2313","MFE","752","855",472,535,"2","150","Domestic","745","851",465,531
"193","AA2316","PHL","918","1015",558,615,"2","150","Domestic","923","1025",563,625
"194","AA2319","ORD","1405","1535",845,935,"2","150","Domestic","1402","1532",842,932
"195","AA2320","ORD","530","700",330,420,"2","150","Domestic","527","657",327,417
"196","AA2321","MCO","1935","2030",1175,1230,"2","150","Domestic","1916","2025",1156,1225
"197","AA2322","PBI","1920","2015",1160,1215,"2","150","Domestic","1919","2013",1159,1213
"198","AA2324","RIC","1300","1345",780,825,"2","150","Domestic","1254","1347",774,827
"199","AA2328","BOS","1552","1655",952,1015,"2","150","Domestic","1544","1706",944,1026
"200","AA2329","ORD","1435","1740",875,1060,"2","150","Domestic","1507","1733",907,1053
"201","AA232","ATL","1400","1530",840,930,"2","150","Domestic","1422","1552",862,952
"202","AA2332","ORD","600","730",360,450,"2","150","Domestic","611","741",371,461
"203","AA2333","ORF","1610","1830",970,1110,"2","150","Domestic","1611","1824",971,1104
"204","AA2335","ORD","929","1010",569,610,"2","150","Domestic","912","1007",552,607
"205","AA2336","MIA","440","610",280,370,"2","150","Domestic","435","605",275,365
"206","AA2340","DCA","1235","1335",755,815,"2","150","Domestic","1225","1332",745,812
"207","AA2343","PHL","1726","1855",1046,1135,"2","150","Domestic","1747","1851",1067,1131
"208","AA2347","CMH","1111","1200",671,720,"2","150","Domestic","1048","1154",648,714
"209","AA2352","SFO","1245","1410",765,850,"2","150","Domestic","1239","1407",759,847
"210","AA2358","MSY","1250","1345",770,825,"2","150","Domestic","1252","1342",772,822
"211","AA2361","BWI","1236","1335",756,815,"2","150","Domestic","1215","1334",735,814
"212","AA2367","COS","2055","2155",1255,1315,"2","150","Domestic","2053","2151",1253,1311
"213","AA2368","IAH","1658","1820",1018,1100,"2","150","Domestic","1651","1816",1011,1096
"214","AA2371","STL","1725","1820",1045,1100,"2","150","Domestic","1704","1815",1024,1095
"215","AA2374","DEN","603","715",363,435,"2","150","Domestic","606","711",366,431
"216","AA2376","MSY","1725","1820",1045,1100,"2","150","Domestic","1705","1816",1025,1096
"217","AA2378","ORD","2035","2200",1235,1320,"2","150","Domestic","2049","2154",1249,1314
"218","AA2383","MEM","1310","1345",790,825,"2","150","Domestic","1302","1343",782,823
"219","AA2385","SAT","1655","1755",1015,1075,"2","150","Domestic","1644","1751",1004,1071
"220","AA2386","MSY","1906","2035",1146,1235,"2","150","Domestic","1914","2032",1154,1232
"221","AA2389","SNA","1415","1525",855,925,"2","150","Domestic","1348","1522",828,922
"222","AA2395","LAS","735","905",455,545,"2","150","Domestic","731","901",451,541
"223","AA2396","OMA","1930","2025",1170,1225,"2","150","Domestic","1915","2022",1155,1222
"224","AA2398","BNA","910","1010",550,610,"2","150","Domestic","917","1008",557,608
"225","AA239","MSP","1905","2015",1145,1215,"2","150","Domestic","1858","2018",1138,1218
"226","AA2400","SJC","1930","2025",1170,1225,"2","150","Domestic","1929","2026",1169,1226
"227","AA2407","BOS","1904","2020",1144,1220,"2","150","Domestic","1850","2015",1130,1215
"228","AA2408","ATL","1738","1820",1058,1100,"2","150","Domestic","1725","1820",1045,1100
"229","AA2410","LAX","756","900",476,540,"2","150","Domestic","810","857",490,537
"230","AA2412","SAT","535","705",335,425,"2","150","Domestic","530","700",330,420
"231","AA2418","JAX","1925","2025",1165,1225,"2","150","Domestic","1928","2026",1168,1226
"232","AA2419","DTW","700","755",420,475,"2","150","Domestic","657","754",417,474
"233","AA2423","MSP","1119","1205",679,725,"2","150","Domestic","1122","1205",682,725
"234","AA2425","LAX","958","1055",598,655,"2","150","Domestic","1001","1104",601,664
"235","AA2427","ONT","2047","2155",1247,1315,"2","150","Domestic","2033","2157",1233,1317
"236","AA2429","SAT","1752","1855",1072,1135,"2","150","Domestic","1742","1849",1062,1129
"237","AA2430","CMH","1424","1509",864,909,"2","150","Domestic","1427","1514",867,914
"238","AA2433","MCO","1208","1335",728,815,"2","150","Domestic","1203","1340",723,820
"239","AA2434","MCO","1557","1655",957,1015,"2","150","Domestic","1532","1652",932,1012
"240","AA2439","CLT","1902","2020",1142,1220,"2","150","Domestic","1901","2014",1141,1214
"241","AA243","SAT","1546","1655",946,1015,"2","150","Domestic","1517","1650",917,1010
"242","AA2441","OKC","1738","1855",1058,1135,"2","150","Domestic","1735","1849",1055,1129
"243","AA2455","LAX","2104","2155",1264,1315,"2","150","Domestic","2056","2203",1256,1323
"244","AA2457","TPA","939","1020",579,620,"2","150","Domestic","955","1039",595,639
"245","AA2458","PIT","1223","1335",743,815,"2","150","Domestic","1225","1331",745,811
"246","AA2467","PDX","2130","2220",1290,1340,"2","150","Domestic","2133","2219",1293,1339
"247","AA2477","LAX","1630","1755",990,1075,"2","150","Domestic","1633","1755",993,1075
"248","AA2478","SMF","1555","1710",955,1030,"2","150","Domestic","1604","1705",964,1025
"249","AA2481","SJU","1240","1355",760,835,"2","150","Domestic","1217","1406",737,846
"250","AA2482","AUS","1655","1810",1015,1090,"2","150","Domestic","1702","1806",1022,1086
"251","AA2485","LAX","1045","1155",645,715,"2","150","Domestic","1044","1154",644,714
"252","AA2488","TPA","535","705",335,425,"2","150","Domestic","533","703",333,423
"253","AA2489","LAX","1735","1840",1055,1120,"2","150","Domestic","1721","1837",1041,1117
"254","AA2490","BDL","1555","1705",955,1025,"2","150","Domestic","1537","1705",937,1025
"255","AA2491","SAN","545","710",345,430,"2","150","Domestic","602","714",362,434
"256","AA2495","LAX","1936","2030",1176,1230,"2","150","Domestic","1922","2029",1162,1229
"257","AA2496","LAX","1443","1545",883,945,"2","150","Domestic","1422","1540",862,940
"258","AA249","SFO","1504","1600",904,960,"2","150","Domestic","1448","1558",888,958
"259","AA2501","BNA","1855","2019",1135,1219,"2","150","Domestic","1853","2015",1133,1215
"260","AA2502","SNA","1725","1850",1045,1130,"2","150","Domestic","1657","1847",1017,1127
"261","AA2505","AUS","1930","2010",1170,1210,"2","150","Domestic","1919","2010",1159,1210
"262","AA2506","SNA","801","855",481,535,"2","150","Domestic","808","853",488,533
"263","AA2508","BWI","535","705",335,425,"2","150","Domestic","547","717",347,437
"264","AA2510","SLC","729","855",449,535,"2","150","Domestic","733","854",453,534
"265","AA2511","ABQ","1215","1255",735,775,"2","150","Domestic","1219","1302",739,782
"266","AA2522","PDX","1800","1915",1080,1155,"2","150","Domestic","1803","1911",1083,1151
"267","AA2529","MFE","2100","2220",1260,1340,"2","150","Domestic","2053","2213",1253,1333
"268","AA2532","MSP","545","715",345,435,"2","150","Domestic","539","709",339,429
"269","AA2533","FAT","929","1020",569,620,"2","150","Domestic","950","1029",590,629
"270","AA2568","ABQ","1704","1910",1024,1150,"2","150","Domestic","1714","1905",1034,1145
"271","AA2570","SLC","1210","1305",730,785,"2","150","Domestic","1150","1305",710,785
"272","AA2576","DEN","1910","2025",1150,1225,"2","150","Domestic","1917","2022",1157,1222
"273","AA2585","MKE","1421","1515",861,915,"2","150","Domestic","1428","1508",868,908
"274","AA259","SFO","1009","1105",609,665,"2","150","Domestic","956","1104",596,664
"275","AA25","PHL","1200","1250",720,770,"2","150","Domestic","1148","1248",708,768
"276","AA2603","ATL","540","710",340,430,"2","150","Domestic","538","708",338,428
"277","AA2605","MFE","1910","2020",1150,1220,"2","150","Domestic","1912","2015",1152,1215
"278","AA2608","TUL","1438","1600",878,960,"2","150","Domestic","1444","1551",884,951
"279","AA2611","DAY","1412","1520",852,920,"2","150","Domestic","1413","1517",853,917
"280","AA262","LGA","1755","1925",1075,1165,"2","150","Domestic","1739","1927",1059,1167
"281","AA2731","PSP","1104","1210",664,730,"2","150","Domestic","1046","1203",646,723
"282","AA2734","DEN","1413","1550",853,950,"2","150","Domestic","1414","1552",854,952
"283","AA2738","CLT","1430","1540",870,940,"2","150","Domestic","1407","1536",847,936
"284","AA2755","TXK","735","845",455,525,"3","75","Domestic","719","837",439,517
"285","AA2757","BRO","720","850",440,530,"3","75","Domestic","715","845",435,525
"286","AA2758","SPS","1231","1350",751,830,"3","75","Domestic","1221","1344",741,824
"287","AA2759","SHV","1616","1651",976,1011,"3","75","Domestic","1605","1648",965,1008
"288","AA277","SAN","720","850",440,530,"2","150","Domestic","719","849",439,529
"289","AA2791","BHM","1608","1648",968,1008,"3","75","Domestic","1558","1646",958,1006
"290","AA2792","LRD","1505","1550",905,950,"3","75","Domestic","1508","1544",908,944
"291","AA2795","ACT","754","855",474,535,"3","75","Domestic","821","912",501,552
"292","AA2796","SPI","1055","1150",655,710,"3","75","Domestic","1045","1144",645,704
"293","AA2797","PNS","1256","1645",776,1005,"3","75","Domestic","1311","1700",791,1020
"294","AA2799","MLU","1014","1205",614,725,"3","75","Domestic","1018","1201",618,721
"295","AA2801","TYS","619","715",379,435,"3","75","Domestic","602","710",362,430
"296","AA2802","LBB","1304","1350",784,830,"3","75","Domestic","1337","1408",817,848
"297","AA2803","TUL","619","715",379,435,"3","75","Domestic","633","715",393,435
"298","AA2804","LFT","749","845",469,525,"3","75","Domestic","756","841",476,521
"299","AA2807","ICT","750","1110",470,670,"3","75","Domestic","745","1110",465,670
"300","AA2808","LAW","735","845",455,525,"3","75","Domestic","745","845",465,525
"301","AA2810","VPS","912","1010",552,610,"3","75","Domestic","912","1004",552,604
"302","AA2811","SHV","939","1020",579,620,"3","75","Domestic","1000","1039",600,639
"303","AA2814","SHV","1107","1155",667,715,"3","75","Domestic","1135","1204",695,724
"304","AA2816","ACT","1126","1227",686,747,"3","75","Domestic","1107","1224",667,744
"305","AA2817","VPS","1247","1330",767,810,"3","75","Domestic","1240","1326",760,806
"306","AA2822","ACT","1501","1540",901,940,"3","75","Domestic","1531","1602",931,962
"307","AA2823","GRK","1430","1520",870,920,"3","75","Domestic","1429","1516",869,916
"308","AA2824","SHV","1421","1515",861,915,"3","75","Domestic","1408","1513",848,913
"309","AA2825","BRO","1445","1530",885,930,"3","75","Domestic","1439","1529",879,929
"310","AA2826","ACT","1620","1710",980,1030,"3","75","Domestic","1627","1702",987,1022
"311","AA2827","VPS","1557","1634",957,994,"3","75","Domestic","1609","1638",969,998
"312","AA2829","SHV","1742","1850",1062,1130,"3","75","Domestic","1750","1842",1070,1122
"313","AA2832","SPS","720","850",440,530,"3","75","Domestic","748","918",468,558
"314","AA2834","MLU","1920","2015",1160,1215,"3","75","Domestic","1908","2109",1148,1269
"315","AA2835","JLN","1218","1255",738,775,"3","75","Domestic","1213","1248",733,768
"316","AA2836","LAW","2025","2155",1225,1315,"3","75","Domestic","2025","2155",1225,1315
"317","AA2837","SPS","1920","2155",1160,1315,"3","75","Domestic","1901","2148",1141,1308
"318","AA2838","SPI","1751","1835",1071,1115,"3","75","Domestic","1746","1842",1066,1122
"319","AA2839","ACT","2105","2155",1265,1315,"3","75","Domestic","2113","2150",1273,1310
"320","AA2840","BRO","1918","2220",1158,1340,"3","75","Domestic","2121","2210",1281,1330
"321","AA2842","JLN","1916","2020",1156,1220,"3","75","Domestic","1908","2014",1148,1214
"322","AA2843","SHV","1640","2030",1000,1230,"3","75","Domestic","1633","2024",993,1224
"323","AA2845","GPT","1925","2020",1165,1220,"3","75","Domestic","1919","2013",1159,1213
"324","AA2846","MLU","1515","1550",915,950,"3","75","Domestic","1502","1559",902,959
"325","AA2847","TYS","1918","2005",1158,1205,"3","75","Domestic","1901","2000",1141,1200
"326","AA2848","GPT","1122","1200",682,720,"3","75","Domestic","1127","1221",687,741
"327","AA2851","SAF","1430","1515",870,915,"3","75","Domestic","1443","1518",883,918
"328","AA2858","AEX","1120","1200",680,720,"3","75","Domestic","1115","1231",675,751
"329","AA2859","VPS","1919","2025",1159,1225,"3","75","Domestic","1920","2023",1160,1223
"330","AA2860","BTR","1115","1145",675,705,"3","75","Domestic","1118","1145",678,705
"331","AA2878","LRD","2108","2155",1268,1315,"3","75","Domestic","2100","2150",1260,1310
"332","AA2887","JAN","625","710",385,430,"3","75","Domestic","635","710",395,430
"333","AA2898","GGG","923","1015",563,615,"3","75","Domestic","926","1011",566,611
"334","AA2902","TXK","1525","1655",925,1015,"3","75","Domestic","1742","1912",1062,1152
"335","AA2910","LAW","1256","1355",776,835,"3","75","Domestic","1311","1349",791,829
"336","AA294","ORF","912","1020",552,620,"2","150","Domestic","855","1015",535,615
"337","AA299","TUL","2107","2150",1267,1310,"2","150","Domestic","2056","2148",1256,1308
"338","AA301","DTW","1457","1650",897,1010,"2","150","Domestic","1504","1650",904,1010
"339","AA306","IND","600","730",360,450,"2","150","Domestic","557","727",357,447
"340","AA3139","XNA","719","800",439,480,"3","75","Domestic","719","756",439,476
"341","AA3144","OKC","1638","1720",998,1040,"3","75","Domestic","1641","1718",1001,1038
"342","AA3147","TYR","1617","1701",977,1021,"3","75","Domestic","1656","1727",1016,1047
"343","AA3149","OKC","743","1020",463,620,"3","75","Domestic","738","1025",458,625
"344","AA3153","TYR","1107","1150",667,710,"3","75","Domestic","1121","1152",681,712
"345","AA3158","HOU","617","705",377,425,"3","75","Domestic","628","702",388,422
"346","AA315","SAT","1140","1230",700,750,"2","150","Domestic","1127","1224",687,744
"347","AA3162","BHM","934","1035",574,635,"3","75","Domestic","1005","1035",605,635
"348","AA3166","COU","1129","1205",689,725,"3","75","Domestic","1136","1505",696,905
"349","AA3177","MGM","1328","1645",808,1005,"3","75","Domestic","1323","1642",803,1002
"350","AA3184","MGM","1929","2014",1169,1214,"3","75","Domestic","1901","2014",1141,1214
"351","AA3189","VPS","545","715",345,435,"3","75","Domestic","540","710",340,430
"352","AA3202","GCK","1309","1405",789,845,"3","75","Domestic","1254","1359",774,839
"353","AA3204","LCH","1924","2025",1164,1225,"3","75","Domestic","1915","2019",1155,1219
"354","AA3205","HOU","1244","1425",764,865,"3","75","Domestic","1240","1420",760,860
"355","AA3209","OMA","928","1040",568,640,"3","75","Domestic","903","1035",543,635
"356","AA320","SAT","935","1040",575,640,"2","150","Domestic","950","1043",590,643
"357","AA3211","AMA","932","1045",572,645,"3","75","Domestic","957","1042",597,642
"358","AA3217","XNA","1455","1540",895,940,"3","75","Domestic","1438","1546",878,946
"359","AA3218","RAP","1738","1845",1058,1125,"3","75","Domestic","1725","1834",1045,1114
"360","AA3219","LIT","1114","1215",674,735,"3","75","Domestic","1132","1211",692,731
"361","AA3221","BHM","1731","1825",1051,1105,"3","75","Domestic","1712","1822",1032,1102
"362","AA3224","GPT","1602","1650",962,1010,"3","75","Domestic","1547","1646",947,1006
"363","AA3225","GJT","1340","1435",820,875,"3","75","Domestic","1331","1431",811,871
"364","AA3228","BMI","1524","1825",924,1105,"3","75","Domestic","1517","1823",917,1103
"365","AA3230","MLI","1557","1640",957,1000,"3","75","Domestic","1614","1640",974,1000
"366","AA3237","FAR","1044","1200",644,720,"3","75","Domestic","1045","1156",645,716
"367","AA3239","SGF","1943","2015",1183,1215,"3","75","Domestic","1925","2008",1165,1208
"368","AA323","STL","530","700",330,420,"2","150","Domestic","527","657",327,417
"369","AA3243","OMA","627","710",387,430,"3","75","Domestic","630","708",390,428
"370","AA3248","OMA","1420","1645",860,1005,"3","75","Domestic","1405","1639",845,999
"371","AA3266","AEX","2048","2150",1248,1310,"3","75","Domestic","2046","2151",1246,1311
"372","AA326","STL","1040","1145",640,705,"2","150","Domestic","1050","1141",650,701
"373","AA3279","SGF","1609","1840",969,1120,"3","75","Domestic","1615","1835",975,1115
"374","AA3283","MLI","948","1150",588,710,"3","75","Domestic","1100","1146",660,706
"375","AA3285","BMI","1220","1309",740,789,"3","75","Domestic","1206","1308",726,788
"376","AA3289","CVG","1434","1510",874,910,"3","75","Domestic","1441","1519",881,919
"377","AA3299","DRO","720","850",440,530,"3","75","Domestic","717","847",437,527
"378","AA3306","BIS","1751","1830",1071,1110,"3","75","Domestic","1729","1826",1049,1106
"379","AA3308","GJT","1748","1840",1068,1120,"3","75","Domestic","1731","1836",1051,1116
"380","AA3310","SJT","1404","1440",844,880,"3","75","Domestic","1359","1451",839,891
"381","AA3313","LIT","729","810",449,490,"3","75","Domestic","711","808",431,488
"382","AA3317","LIT","1805","2005",1085,1205,"3","75","Domestic","1757","1959",1077,1199
"383","AA3319","JAN","1555","1640",955,1000,"3","75","Domestic","1603","1636",963,996
"384","AA3320","EVV","1140","1215",700,735,"3","75","Domestic","1155","1224",715,744
"385","AA3321","ROW","1459","1535",899,935,"3","75","Domestic","1452","1536",892,936
"386","AA3329","FWA","1918","2010",1158,1210,"3","75","Domestic","1918","2007",1158,1207
"387","AA332","RDU","932","1035",572,635,"2","150","Domestic","958","1053",598,653
"388","AA3331","PBC","1559","1710",959,1030,"3","75","Domestic","1550","1655",950,1015
"389","AA3338","CVG","1748","2005",1068,1205,"3","75","Domestic","1757","2001",1077,1201
"390","AA3340","XNA","1925","2005",1165,1205,"3","75","Domestic","1924","1959",1164,1199
"391","AA3342","GRI","1020","1150",620,710,"3","75","Domestic","1015","1145",615,705
"392","AA3354","ABI","932","1330",572,810,"3","75","Domestic","1158","1328",718,808
"393","AA3357","DSM","804","1025",484,625,"3","75","Domestic","840","1023",520,623
"394","AA3358","MEM","944","1030",584,630,"3","75","Domestic","941","1049",581,649
"395","AA335","ORD","1014","1115",614,675,"2","150","Domestic","1014","1108",614,668
"396","AA3363","XNA","1410","1640",850,1000,"3","75","Domestic","1404","1633",844,993
"397","AA3364","CRP","939","1035",579,635,"3","75","Domestic","931","1032",571,632
"398","AA3367","GJT","748","845",468,525,"3","75","Domestic","754","844",474,524
"399","AA3368","TYR","752","855",472,535,"3","75","Domestic","818","905",498,545
"400","AA3371","CLL","1410","1505",850,905,"3","75","Domestic","1347","1503",827,903
"401","AA3378","ROW","929","1015",569,615,"3","75","Domestic","933","1019",573,619
"402","AA3381","MOB","1517","1700",917,1020,"3","75","Domestic","1503","1658",903,1018
"403","AA3382","HOU","804","910",484,550,"3","75","Domestic","752","907",472,547
"404","AA3383","LIT","1427","1510",867,910,"3","75","Domestic","1459","1545",899,945
"405","AA3392","CLL","2049","2210",1249,1330,"3","75","Domestic","2039","2201",1239,1321
"406","AA3402","MHK","742","900",462,540,"3","75","Domestic","811","919",491,559
"407","AA3403","XNA","1025","1155",625,715,"3","75","Domestic","1021","1151",621,711
"408","AA340","MCI","1048","1200",648,720,"2","150","Domestic","1052","1155",652,715
"409","AA3411","LAW","1559","1710",959,1030,"3","75","Domestic","1532","1704",932,1024
"410","AA3412","ABI","1909","2005",1149,1205,"3","75","Domestic","1902","2014",1142,1214
"411","AA3413","CHS","1914","2010",1154,1210,"3","75","Domestic","1857","2016",1137,1216
"412","AA3425","CLL","758","850",478,530,"3","75","Domestic","759","843",479,523
"413","AA3428","SGF","628","845",388,525,"3","75","Domestic","648","843",408,523
"414","AA3431","OKC","621","715",381,435,"3","75","Domestic","617","715",377,435
"415","AA3432","MHK","1928","2030",1168,1230,"3","75","Domestic","1919","2026",1159,1226
"416","AA3435","FSM","1025","1155",625,715,"3","75","Domestic","1058","1228",658,748
"417","AA3439","MOB","1035","1205",635,725,"3","75","Domestic","1051","1221",651,741
"418","AA3441","ABI","1633","1701",993,1021,"3","75","Domestic","1628","1703",988,1023
"419","AA3443","GRK","1234","1330",754,810,"3","75","Domestic","1239","1324",759,804
"420","AA3445","ABI","2044","2150",1244,1310,"3","75","Domestic","2027","2145",1227,1305
"421","AA3447","PIA","1141","1220",701,740,"3","75","Domestic","1133","1216",693,736
"422","AA3456","AEX","1608","1655",968,1015,"3","75","Domestic","1622","1651",982,1011
"423","AA3459","BRO","1114","1205",674,725,"3","75","Domestic","1103","1159",663,719
"424","AA3461","ABI","747","845",467,525,"3","75","Domestic","736","842",456,522
"425","AA3473","PNS","618","700",378,420,"3","75","Domestic","615","655",375,415
"426","AA3489","TYR","1210","1340",730,820,"3","75","Domestic","1234","1404",754,844
"427","AA3499","TYR","2107","2150",1267,1310,"3","75","Domestic","2108","2147",1268,1307
"428","AA3502","GCK","2042","2150",1242,1310,"3","75","Domestic","2027","2143",1227,1303
"429","AA3506","BMI","934","1020",574,620,"3","75","Domestic","918","1018",558,618
"430","AA3509","COU","1922","2010",1162,1210,"3","75","Domestic","1934","2007",1174,1207
"431","AA3515","MLI","1929","2010",1169,1210,"3","75","Domestic","1912","2001",1152,1201
"432","AA3518","ICT","1526","1615",926,975,"3","75","Domestic","1511","1612",911,972
"433","AA351","IAH","1242","1412",762,852,"2","150","Domestic","1249","1419",769,859
"434","AA3524","DAY","617","710",377,430,"3","75","Domestic","613","707",373,427
"435","AA3526","SGF","1248","1355",768,835,"3","75","Domestic","1305","1349",785,829
"436","AA3527","SAF","926","1015",566,615,"3","75","Domestic","911","1016",551,616
"437","AA3528","CVG","929","1025",569,625,"3","75","Domestic","953","1040",593,640
"438","AA3531","LIT","746","1030",466,630,"3","75","Domestic","814","1022",494,622
"439","AA3535","FSM","756","900",476,540,"3","75","Domestic","824","854",504,534
"440","AA3544","CHS","1057","1150",657,710,"3","75","Domestic","1050","1148",650,708
"441","AA3545","LFT","1324","1410",804,850,"3","75","Domestic","1308","1412",788,852
"442","AA3549","SHV","742","845",462,525,"3","75","Domestic","714","841",434,521
"443","AA3551","CLL","1114","1155",674,715,"3","75","Domestic","1118","1159",678,719
"444","AA3559","MHK","1419","1530",859,930,"3","75","Domestic","1412","1523",852,923
"445","AA3565","RAP","1109","1210",669,730,"3","75","Domestic","1051","1205",651,725
"446","AA3577","SAV","1053","1154",653,714,"3","75","Domestic","1053","1153",653,713
"447","AA357","SAT","1306","1355",786,835,"2","150","Domestic","1319","1406",799,846
"448","AA3599","XNA","919","1015",559,615,"3","75","Domestic","919","1011",559,611
"449","AA3614","TLH","1133","1210",693,730,"3","75","Domestic","1111","1206",671,726
"450","AA3615","TLH","1738","1835",1058,1115,"3","75","Domestic","1749","1831",1069,1111
"451","AA361","DEN","2110","2215",1270,1335,"2","150","Domestic","2043","2254",1243,1374
"452","AA3640","LFT","1852","2035",1132,1235,"3","75","Domestic","1847","2030",1127,1230
"453","AA3644","SGF","939","1030",579,630,"3","75","Domestic","937","1030",577,630
"454","AA3647","ABI","1729","1820",1049,1100,"3","75","Domestic","1719","1820",1039,1100
"455","AA3650","PIA","1114","1505",674,905,"3","75","Domestic","1118","1503",678,903
"456","AA3655","XNA","1256","1340",776,820,"3","75","Domestic","1256","1407",776,847
"457","AA3658","LFT","1349","1515",829,915,"3","75","Domestic","1356","1510",836,910
"458","AA3659","MOB","1850","2020",1130,1220,"3","75","Domestic","1848","2018",1128,1218
"459","AA3660","CMI","1601","1820",961,1100,"3","75","Domestic","1550","1815",950,1095
"460","AA3665","FAR","1746","1825",1066,1105,"3","75","Domestic","1743","1821",1063,1101
"461","AA3669","LIT","2104","2150",1264,1310,"3","75","Domestic","2053","2145",1253,1305
"462","AA3676","PIA","1919","2020",1159,1220,"3","75","Domestic","1912","2013",1152,1213
"463","AA3679","CRP","1745","1900",1065,1140,"3","75","Domestic","1746","1856",1066,1136
"464","AA3682","SGF","1917","2150",1157,1310,"3","75","Domestic","1913","2147",1153,1307
"465","AA3684","CRP","1503","1545",903,945,"3","75","Domestic","1504","1543",904,943
"466","AA3685","XNA","715","845",435,525,"3","75","Domestic","713","843",433,523
"467","AA3688","XNA","1548","1855",948,1135,"3","75","Domestic","1606","1858",966,1138
"468","AA3702","ROW","2108","2200",1268,1320,"3","75","Domestic","2047","2149",1247,1309
"469","AA3705","CLL","1520","1650",920,1010,"3","75","Domestic","1552","1722",952,1042
"470","AA3709","LIT","1520","1650",920,1010,"3","75","Domestic","1526","1656",926,1016
"471","AA3711","SGF","1123","1250",683,770,"3","75","Domestic","1120","1314",680,794
"472","AA3712","FSM","1440","1645",880,1005,"3","75","Domestic","1508","1638",908,998
"473","AA3715","ABI","932","1015",572,615,"3","75","Domestic","917","1013",557,613
"474","AA3716","CRP","2035","2205",1235,1325,"3","75","Domestic","2035","2205",1235,1325
"475","AA3717","SAV","1945","2030",1185,1230,"3","75","Domestic","1939","2031",1179,1231
"476","AA37","SFO","1425","1700",865,1020,"2","150","Domestic","1428","1655",868,1015
"477","AA384","MCI","1211","1513",731,913,"2","150","Domestic","1343","1519",823,919
"478","AA386","JAX","1428","1510",868,910,"2","150","Domestic","1421","1530",861,930
"479","AA391","TUL","730","900",450,540,"2","150","Domestic","941","1111",581,671
"480","AA43","DTW","943","1055",583,655,"2","150","Domestic","1002","1053",602,653
"481","AA465","PHX","430","600",270,360,"2","150","Domestic","434","604",274,364
"482","AA475","SFO","1915","2035",1155,1235,"2","150","Domestic","1904","2028",1144,1228
"483","AA495","PHX","655","825",415,505,"2","150","Domestic","651","821",411,501
"484","AA51","STL","1345","1530",825,930,"2","150","Domestic","1353","1524",833,924
"485","AA524","PHX","1329","1505",809,905,"2","150","Domestic","1317","1505",797,905
"486","AA542","PHX","916","1030",556,630,"2","150","Domestic","911","1026",551,626
"487","AA544","PHX","1646","1745",1006,1065,"2","150","Domestic","1656","1746",1016,1066
"488","AA546","PHX","1913","2020",1153,1220,"2","150","Domestic","1914","2016",1154,1216
"489","AA550","CLT","1748","1855",1068,1135,"2","150","Domestic","1741","1851",1061,1131
"490","AA551","LAS","1924","2035",1164,1235,"2","150","Domestic","1922","2029",1162,1229
"491","AA5626","LIT","1249","1415",769,855,"3","75","Domestic","1249","1420",769,860
"492","AA5629","JAN","2002","2045",1202,1245,"3","75","Domestic","1950","2039",1190,1239
"493","AA5631","CAE","1104","1155",664,715,"3","75","Domestic","1052","1236",652,756
"494","AA5632","CAE","1738","1820",1058,1100,"3","75","Domestic","1727","1942",1047,1182
"495","AA5633","ELP","1610","1720",970,1040,"3","75","Domestic","1601","1719",961,1039
"496","AA5636","ELP","1229","1340",749,820,"3","75","Domestic","1216","1338",736,818
"497","AA5640","ICT","1729","1830",1049,1110,"3","75","Domestic","1715","1827",1035,1107
"498","AA5644","LBB","929","1055",569,655,"3","75","Domestic","935","1054",575,654
"499","AA5645","COS","745","855",465,535,"3","75","Domestic","822","921",502,561
"500","AA5647","GRK","749","850",469,530,"3","75","Domestic","830","902",510,542
"501","AA5656","ICT","838","1210",518,730,"3","75","Domestic","829","1205",509,725
"502","AA5659","HSV","619","700",379,420,"3","75","Domestic","622","659",382,419
"503","AA5665","IAH","1211","1300",731,780,"3","75","Domestic","1227","1305",747,785
"504","AA5670","CVG","1116","1210",676,730,"3","75","Domestic","1130","1212",690,732
"505","AA5681","OKC","1516","1625",916,985,"3","75","Domestic","1510","1621",910,981
"506","AA5690","IAH","1818","2003",1098,1203,"3","75","Domestic","1755","2000",1075,1200
"507","AA5698","MAF","939","1035",579,635,"3","75","Domestic","947","1034",587,634
"508","AA5701","IAH","1639","1715",999,1035,"3","75","Domestic","1647","1838",1007,1118
"509","AA5702","MSN","1928","2020",1168,1220,"3","75","Domestic","1908","2017",1148,1217
"510","AA5706","BHM","1120","1205",680,725,"3","75","Domestic","1106","1236",666,756
"511","AA5707","LBB","2024","2210",1224,1330,"3","75","Domestic","2117","2204",1277,1324
"512","AA5708","MSN","934","1025",574,625,"3","75","Domestic","942","1031",582,631
"513","AA5709","HOU","1802","1900",1082,1140,"3","75","Domestic","1812","1901",1092,1141
"514","AA5711","COS","922","1025",562,625,"3","75","Domestic","927","1025",567,625
"515","AA5713","IAH","758","1110",478,670,"3","75","Domestic","802","1107",482,667
"516","AA5721","ABQ","1554","1655",954,1015,"3","75","Domestic","1546","1654",946,1014
"517","AA5722","HSV","949","1045",589,645,"3","75","Domestic","1014","1053",614,653
"518","AA5725","CVG","634","730",394,450,"3","75","Domestic","624","729",384,449
"519","AA5726","GRK","1738","1820",1058,1100,"3","75","Domestic","1722","1816",1042,1096
"520","AA5727","AMA","1514","1605",914,965,"3","75","Domestic","1539","1626",939,986
"521","AA5729","ELP","1433","1525",873,925,"3","75","Domestic","1429","1524",869,924
"522","AA5730","LEX","743","1015",463,615,"3","75","Domestic","740","1015",460,615
"523","AA5731","FSD","1122","1210",682,730,"3","75","Domestic","1124","1212",684,732
"524","AA5732","FSD","1757","1845",1077,1125,"3","75","Domestic","1744","1843",1064,1123
"525","AA5735","MKE","617","715",377,435,"3","75","Domestic","609","714",369,434
"526","AA5740","MFE","1253","1335",773,815,"3","75","Domestic","1250","1333",770,813
"527","AA5744","ABQ","2035","2155",1235,1315,"3","75","Domestic","2025","2157",1225,1317
"528","AA5745","GRR","1418","1505",858,905,"3","75","Domestic","1419","1505",859,905
"529","AA5746","SDF","1254","1440",774,880,"3","75","Domestic","1247","1434",767,874
"530","AA5749","TUL","1634","1725",994,1045,"3","75","Domestic","1633","1738",993,1058
"531","AA5751","PNS","1234","1330",754,810,"3","75","Domestic","1212","1325",732,805
"532","AA5759","JAN","1011","1050",611,650,"3","75","Domestic","1007","1122",607,682
"533","AA575","PHX","1230","1335",750,815,"2","150","Domestic","1213","1420",733,860
"534","AA5762","JAN","1745","1830",1065,1110,"3","75","Domestic","1725","1825",1045,1105
"535","AA5763","SGF","1519","1600",919,960,"3","75","Domestic","1509","1551",909,951
"536","AA5767","HSV","1910","2010",1150,1210,"3","75","Domestic","1904","2002",1144,1202
"537","AA5768","SDF","647","750",407,470,"3","75","Domestic","635","749",395,469
"538","AA576","LAS","2006","2200",1206,1320,"2","150","Domestic","1959","2158",1199,1318
"539","AA5774","LBB","1420","1550",860,950,"3","75","Domestic","1421","1551",861,951
"540","AA5777","HSV","1554","1640",954,1000,"3","75","Domestic","1523","1635",923,995
"541","AA5778","MAF","2104","2150",1264,1310,"3","75","Domestic","2100","2150",1260,1310
"542","AA5779","LEX","1949","2030",1189,1230,"3","75","Domestic","2008","2053",1208,1253
"543","AA5782","JAX","611","700",371,420,"3","75","Domestic","556","659",356,419
"544","AA5785","PNS","1731","1812",1051,1092,"3","75","Domestic","1722","1810",1042,1090
"545","AA5786","MFE","934","1015",574,615,"3","75","Domestic","931","1015",571,615
"546","AA5790","CRP","1328","1415",808,855,"3","75","Domestic","1311","1412",791,852
"547","AA5791","BHM","1928","2020",1168,1220,"3","75","Domestic","1921","2016",1161,1216
"548","AA5793","AMA","737","820",457,500,"3","75","Domestic","726","815",446,495
"549","AA5794","GSP","1919","2005",1159,1205,"3","75","Domestic","1901","1959",1141,1199
"550","AA5795","AMA","1315","1420",795,860,"3","75","Domestic","1335","1440",815,880
"551","AA5798","ICT","2059","2205",1259,1325,"3","75","Domestic","2047","2159",1247,1319
"552","AA5804","GSO","1059","1150",659,710,"3","75","Domestic","1121","1221",681,741
"553","AA5809","MAF","809","855",489,535,"3","75","Domestic","737","852",457,532
"554","AA5811","JAN","922","1245",562,765,"3","75","Domestic","927","1244",567,764
"555","AA5812","GSO","1909","2005",1149,1205,"3","75","Domestic","1836","1957",1116,1197
"556","AA5813","MAF","1554","1840",954,1120,"3","75","Domestic","1543","1842",943,1122
"557","AA5816","GRR","926","1040",566,640,"3","75","Domestic","917","1039",557,639
"558","AA5817","GRR","1834","2019",1114,1219,"3","75","Domestic","1816","2014",1096,1214
"559","AA5825","CID","1429","1515",869,915,"3","75","Domestic","1432","1524",872,924
"560","AA5828","HOU","2054","2200",1254,1320,"3","75","Domestic","2038","2150",1238,1310
"561","AA5829","OKC","1359","1440",839,880,"3","75","Domestic","1329","1438",809,878
"562","AA5831","ICT","759","845",479,525,"3","75","Domestic","804","923",484,563
"563","AA5835","AMA","2056","2205",1256,1325,"3","75","Domestic","2040","2159",1240,1319
"564","AA5836","GSP","1425","1505",865,905,"3","75","Domestic","1358","1458",838,898
"565","AA5837","ICT","1250","1330",770,810,"3","75","Domestic","1230","1343",750,823
"566","AA5838","HOU","917","1025",557,625,"3","75","Domestic","937","1024",577,624
"567","AA5840","FSM","2038","2155",1238,1315,"3","75","Domestic","2034","2148",1234,1308
"568","AA5843","SDF","1628","2005",988,1205,"3","75","Domestic","1639","2003",999,1203
"569","AA5849","HOU","1439","1535",879,935,"3","75","Domestic","1418","1532",858,932
"570","AA585","PHL","655","825",415,505,"2","150","Domestic","653","823",413,503
"571","AA5873","SDF","1717","1840",1037,1120,"3","75","Domestic","1704","1836",1024,1116
"572","AA5874","DSM","1547","1640",947,1000,"3","75","Domestic","1544","1640",944,1000
"573","AA5878","LBB","829","910",509,550,"3","75","Domestic","811","907",491,547
"574","AA5885","ELP","2103","2150",1263,1310,"3","75","Domestic","2045","2147",1245,1307
"575","AA5888","CRP","801","845",481,525,"3","75","Domestic","744","909",464,549
"576","AA5892","IAH","624","705",384,425,"3","75","Domestic","631","707",391,427
"577","AA5895","MAF","1434","1555",874,955,"3","75","Domestic","1456","1554",896,954
"578","AA5899","MEM","623","715",383,435,"3","75","Domestic","620","727",380,447
"579","AA5","HNL","836","1105",516,665,"1","300","Domestic","810","1104",490,664
"580","AA606","PHX","1719","1845",1039,1125,"2","150","Domestic","1733","1854",1053,1134
"581","AA614","PHX","600","705",360,425,"2","150","Domestic","605","702",365,422
"582","AA670","LAS","1045","1225",645,745,"2","150","Domestic","1030","1220",630,740
"583","AA694","PHX","1042","1150",642,710,"2","150","Domestic","1030","1151",630,711
"584","AA698","SAN","941","1040",581,640,"2","150","Domestic","957","1045",597,645
"585","AA71","LAS","1535","1705",935,1025,"2","150","Domestic","1625","1755",985,1075
"586","AA720","CLT","1123","1230",683,750,"2","150","Domestic","1119","1229",679,749
"587","AA748","LAS","1739","1845",1059,1125,"2","150","Domestic","1758","1906",1078,1146
"588","AA74","MEM","1547","1640",947,1000,"2","150","Domestic","1530","1643",930,1003
"589","AA750","PHL","1215","1315",735,795,"2","150","Domestic","1209","1316",729,796
"590","AA777","LAS","1444","1545",884,945,"2","150","Domestic","1441","1539",881,939
"591","AA79","SLC","2050","2205",1250,1325,"2","150","Domestic","2057","2204",1257,1324
"592","AA7","OGG","517","905",317,545,"1","300","Domestic","909","1039",549,639
"593","AA81","TUS","1735","1855",1055,1135,"2","150","Domestic","1728","1848",1048,1128
"594","AA82","TPA","1909","2040",1149,1240,"2","150","Domestic","1905","2032",1145,1232
"595","AA835","CLT","344","514",224,314,"2","150","Domestic","409","539",249,339
"596","AA887","CLT","710","840",430,520,"2","150","Domestic","704","834",424,514
"597","AA894","PHX","2106","2215",1266,1335,"2","150","Domestic","2106","2211",1266,1331
"598","AA89","SLC","1805","1910",1085,1150,"2","150","Domestic","1757","1903",1077,1143
"599","AA90","ORD","340","510",220,310,"2","150","Domestic","417","547",257,347
"600","AA944","TUS","1605","1705",965,1025,"2","150","Domestic","1555","1658",955,1018
"601","AA952","EWR","540","710",340,430,"2","150","Domestic","541","711",341,431
"602","AA96","STL","919","1015",559,615,"2","150","Domestic","1010","1052",610,652
"603","AA999","CLE","935","1050",575,650,"2","150","Domestic","944","1047",584,647
